{"Amy Chu": [0.6428571428571428, [26, 9, 51, 18, 17, 1, 1, 15, 1, 25, 22, 1, 1, 42], "90.99"], "Marc Pan": [1.0, [4, 15, 10, 11, 5, 5, 8, 3, 3, 3, 3, 3, 3, 3], "90.97"], "Samuel Kurtis": [1.0, [13, 12, 10, 17, 8, 12, 10, 21, 28, 17, 16, 20, 14, 26], "82.07"], "Vivek Rudrapatna": [0.7857142857142857, [36, 8, 13, 12, 17, 33, 7, 21, 1, 1, 29, 1, 15, 25], null], "Celine Sparrow": [1.0, [20, 12, 39, 29, 49, 37, 28, 37, 22, 16, 16, 36, 40, 47], "88.49"], "Aisha James": [0.8571428571428572, [10, 9, 10, 5, 3, 7, 8, 5, 6, 2, 9, 1, 3, 1], "79.24"], "Jason Pan": [1.0, [21, 12, 14, 6, 6, 6, 7, 6, 5, 4, 6, 12, 5, 11], "90.97"], "Amanda Drucker": [0.5714285714285714, [25, 1, 28, 1, 12, 23, 15, 1, 1, 1, 19, 28, 13, 1], null], "Bridget Marcellino": [0.9333333333333333, [19, 22, 23, 9, 15, 20, 5, 8, 8, 1, 4, 17, 19, 9, 2], "83.23"], "Ryan Cotter": [1.0, [8, 10, 22, 12, 15, 21, 14, 15, 13, 11, 12, 19, 17, 20], "85.89"], "John Herndon": [1.0, [14, 12, 7, 11, 8, 9, 6, 16, 14, 18, 10, 13, 15, 11], "79.39"], "Michael Schiffman": [0.9285714285714286, [29, 35, 33, 30, 22, 22, 22, 40, 44, 60, 1, 68, 32, 38], "90.19"], "Stephen Ros": [1.0, [20, 11, 6, 8, 12, 6, 2, 7, 13, 15, 17, 9], "81.76"], "Casey Smith": [1.0, [31, 35, 42, 43, 40, 42, 67, 37, 53, 49, 38, 31, 48, 47], "80.2"], "Geoff Hart-Cooper": [1.0, [4, 13, 4, 2, 2, 3, 2, 6, 2, 2, 5, 3, 3, 5], "92.3"], "Raina Wallace": [1.0, [30, 18, 11, 17, 18, 15, 7, 16, 30, 11, 19, 30, 16, 15], "83.56"], "Kristin Butterbaugh": [1.0, [2, 3, 3, 5, 4, 11, 18, 4, 4, 4, 5, 4, 7, 3], "77.43"], "Kelley Chuang": [0.9285714285714286, [16, 24, 11, 18, 23, 26, 24, 15, 23, 26, 19, 20, 19, 1], "90.99"], "John Andrew Wesley": [1.0, [39, 34, 28, 29, 33, 37, 37, 38, 44, 34, 27, 35], "81.2"], "Jackie Hsieh": [1.0, [30, 29, 26, 25, 35, 16, 26, 29, 23, 26, 54, 23], "84.23"], "Marcel Perl": [1.0, [8, 10, 3, 11, 13, 8, 8, 11, 7, 4, 4, 4, 9, 4], "79.73"], "Kenneth Flax": [0.6428571428571428, [2, 6, 17, 12, 5, 11, 1, 1, 1, 1, 10, 1, 10, 17], "85.6"], "Lea Marin": [1.0, [16, 10, 20, 13, 15, 13, 24, 20, 12, 22, 4, 14, 9, 10], "71.6"], "Rebecca Voaklander": [0.7142857142857143, [7, 9, 13, 19, 1, 22, 12, 7, 8, 1, 13, 6, 1, 1], "92.3"], "Julia Conway": [0.7857142857142857, [1, 1, 1, 25, 20, 6, 12, 19, 15, 42, 31, 20, 32, 16], "83.67"], "Laura Chappell-Campbell": [1.0, [35, 42, 44, 47, 21, 21, 17, 19, 31, 18, 46, 45, 17, 19], null], "Shaily Pandey": [1.0, [27], "85.54"], "Timothy Savage": [1.0, [43, 13, 16, 10, 14, 16, 14, 20, 27, 33, 36, 15, 24, 31], "77.53"], "Ajit Rao": [1.0, [15, 2, 4, 8, 2, 4, 7, 4, 3, 6, 9, 8, 10, 8], "78.15"], "Amar Parikh": [1.0, [25, 21, 12, 28, 14, 17, 37, 10, 21, 15, 13, 22, 19, 33], "79.55"], "Ellis Rachelson": [1.0, [17, 17, 15, 5, 8, 27, 17, 4, 6, 13, 13, 12, 13, 10], null], "Sheila Rustgi": [0.6666666666666667, [19, 11, 18, 1, 1, 1, 1, 1, 1, 8, 1, 1, 1, 4, 16, 13, 27, 27, 17, 44, 21, 14, 24, 35, 24, 29, 18], "83.68"], "Galen Leung": [0.7142857142857143, [10, 14, 11, 1, 1, 12, 10, 15, 6, 1, 1, 13, 12, 9], "84.16"], "Soo Kim": [0.7407407407407407, [34, 20, 31, 18, 23, 25, 16, 7, 9, 9, 14, 12, 9, 10, 13, 10, 1, 1, 25, 14, 5, 1, 1, 1, 1, 1, 4], "92.37"], "Marshall Yuan": [1.0, [13, 5, 10, 9, 8, 6, 13, 13, 6, 6, 8, 12, 9, 6], "82.2"], "Ernest Barthelemy": [0.8571428571428572, [12, 7, 15, 17, 13, 4, 4, 9, 8, 9, 6, 2, 1, 1], "88.42"], "Thomas Hays": [1.0, [7, 15, 14, 15, 5, 4, 5, 6, 4, 2, 4, 7, 6, 5], "86.86"], "Yong Lu": [1.0, [14, 3, 6, 9, 4, 6, 5, 5, 6, 5, 4, 4, 9, 5], "79.23"]}